주소,재산피해소계
강원도 강릉시 강동면,71110
강원도 강릉시 구정면,3109
강원도 강릉시 난곡동,442
강원도 강릉시 대전동,34471631
강원도 강릉시 사천면,9254
강원도 강릉시 연곡면,54468
강원도 강릉시 옥계면,45863
강원도 강릉시 월호평동,61543
강원도 강릉시 주문진읍,821
강원도 강릉시 죽헌동,41
강원도 강릉시 포남동,26
강원도 고성군 죽왕면,73
강원도 고성군 토성면,1991
강원도 동해시 발한동,2065
강원도 동해시 이로동,1429
강원도 동해시 천곡동,3207
강원도 동해시 초구동,1298
강원도 삼척시 가곡면,2856
강원도 삼척시 미로면,326
강원도 삼척시 오분동,107
강원도 삼척시 원덕읍,65800
강원도 삼척시 하장면,1694
강원도 속초시 금호동,1111
강원도 속초시 노학동,22149
강원도 속초시 청호동,5403
강원도 양구군 남면,3958
강원도 양구군 동면,12
강원도 양구군 해안면,27877
강원도 양양군 강현면,17549
강원도 양양군 서면,98647
강원도 양양군 손양면,26984
강원도 양양군 양양읍,691
강원도 양양군 현남면,2577
강원도 영월군 북면,571
강원도 영월군 상동읍,9949
강원도 영월군 영월읍,79722
강원도 영월군 주천면,1479
강원도 영월군 중동면,135
강원도 영월군 한반도면,211
강원도 원주시 가현동,146
강원도 원주시 관설동,805
강원도 원주시 귀래면,2948
강원도 원주시 단계동,115
강원도 원주시 문막읍,26848
강원도 원주시 소초면,7244
강원도 원주시 신림면,1528
강원도 원주시 우산동,18785
강원도 원주시 지정면,120941
강원도 원주시 태장동,852
강원도 원주시 판부면,1331
강원도 원주시 호저면,192274
강원도 인제군 북면,59508
강원도 인제군 상남면,5544
강원도 인제군 인제읍,67
강원도 정선군 북평면,24737
강원도 정선군 사북읍,1474
강원도 정선군 신동읍,13829
강원도 정선군 여량면,7635
강원도 정선군 임계면,1541
강원도 철원군 갈말읍,50550
강원도 철원군 근남면,13221
강원도 철원군 김화읍,787207
강원도 철원군 동송읍,69436
강원도 철원군 서면,9487
강원도 철원군 철원읍,831
강원도 춘천시 근화동,2355
강원도 춘천시 남면,49200
강원도 춘천시 남산면,512045
강원도 춘천시 동내면,25853
강원도 춘천시 동면,12348
강원도 춘천시 동산면,74243
강원도 춘천시 사농동,18797
강원도 춘천시 사북면,46023
강원도 춘천시 서면,37195
강원도 춘천시 신동,1968
강원도 춘천시 신동면,17830
강원도 춘천시 신북읍,4536
강원도 춘천시 칠전동,4
강원도 춘천시 후평동,325
강원도 태백시 백산동,0
강원도 태백시 철암동,70
강원도 태백시 황지동,5386
강원도 평창군 미탄면,5585571
강원도 평창군 방림면,44
강원도 평창군 봉평면,7300
강원도 평창군 용평면,21184
강원도 평창군 진부면,17245
강원도 홍천군 남면,94911
강원도 홍천군 내면,38196
강원도 홍천군 동면,4164
강원도 홍천군 두촌면,53
강원도 홍천군 북방면,154770
강원도 홍천군 홍천읍,2603
강원도 홍천군 화촌면,7798
강원도 화천군 간동면,275
강원도 화천군 사내면,8063
강원도 화천군 상서면,25681
강원도 화천군 화천읍,2529
강원도 횡성군 갑천면,131145
강원도 횡성군 강림면,16048
강원도 횡성군 공근면,38315
강원도 횡성군 서원면,238486
강원도 횡성군 안흥면,1073
강원도 횡성군 우천면,54839
강원도 횡성군 횡성읍,1612210
경기도 가평군 가평읍,145291
경기도 가평군 상면,15737
경기도 가평군 설악면,3359
경기도 가평군 조종면,51420
경기도 가평군 청평면,3072
경기도 고양시덕양구 강매동,4689
경기도 고양시덕양구 관산동,5540
경기도 고양시덕양구 내곡동,1713
경기도 고양시덕양구 내유동,376
경기도 고양시덕양구 대자동,118906
경기도 고양시덕양구 대장동,133
경기도 고양시덕양구 덕은동,201801
경기도 고양시덕양구 도내동,2916
경기도 고양시덕양구 벽제동,1333
경기도 고양시덕양구 선유동,128
경기도 고양시덕양구 성사동,1342
경기도 고양시덕양구 오금동,5324
경기도 고양시덕양구 용두동,59450
경기도 고양시덕양구 행주내동,3498
경기도 고양시덕양구 행주외동,2696
경기도 고양시덕양구 현천동,11924
경기도 고양시덕양구 화전동,4716
경기도 고양시일산동구 문봉동,110906
경기도 고양시일산동구 설문동,2313764
경기도 고양시일산동구 성석동,1651096
경기도 고양시일산동구 식사동,54388
경기도 고양시일산동구 장항동,3574731
경기도 고양시일산동구 중산동,3626
경기도 고양시일산동구 지영동,2326095
경기도 고양시일산동구 풍동,354880
경기도 고양시일산서구 가좌동,53609
경기도 고양시일산서구 구산동,179220
경기도 고양시일산서구 대화동,9149
경기도 고양시일산서구 덕이동,45743
경기도 고양시일산서구 법곳동,306277
경기도 과천시 문원동,110
경기도 과천시 주암동,17
경기도 광명시 가학동,39664
경기도 광명시 광명동,182357
경기도 광명시 노온사동,210428
경기도 광명시 소하동,5626
경기도 광명시 옥길동,29369
경기도 광명시 일직동,9782
경기도 광주시 곤지암읍,171065
경기도 광주시 도척면,2886667
경기도 광주시 목동,785542
경기도 광주시 목현동,120441
경기도 광주시 삼동,19126
경기도 광주시 역동,74977
경기도 광주시 오포읍,2114259
경기도 광주시 장지동,1951
경기도 광주시 중대동,1628786
경기도 광주시 초월읍,1465130
경기도 광주시 태전동,159904
경기도 광주시 퇴촌면,3480
경기도 광주시 회덕동,5786
경기도 구리시 갈매동,63488
경기도 구리시 교문동,156
경기도 구리시 사노동,269
경기도 구리시 아천동,55394
경기도 구리시 인창동,15281
경기도 구리시 토평동,72
경기도 군포시 금정동,4446
경기도 군포시 당정동,119144
경기도 군포시 대야미동,29676
경기도 군포시 부곡동,2062
경기도 군포시 산본동,321282
경기도 김포시 고촌읍,636418
경기도 김포시 대곶면,4986318
경기도 김포시 양촌읍,1352180
경기도 김포시 운양동,19452
경기도 김포시 월곶면,1565565
경기도 김포시 장기동,869
경기도 김포시 통진읍,294381
경기도 김포시 풍무동,3859
경기도 김포시 하성면,747188
경기도 남양주시 금곡동,235377
경기도 남양주시 다산동,468
경기도 남양주시 별내동,973533
경기도 남양주시 별내면,273900
경기도 남양주시 삼패동,50801
경기도 남양주시 수동면,638385
경기도 남양주시 오남읍,2470387
경기도 남양주시 와부읍,445414
경기도 남양주시 이패동,1110234
경기도 남양주시 일패동,1903
경기도 남양주시 조안면,9481
경기도 남양주시 진건읍,2038436
경기도 남양주시 진접읍,2283645
경기도 남양주시 평내동,141368
경기도 남양주시 화도읍,970081
경기도 동두천시 걸산동,22815
경기도 동두천시 동두천동,87918
경기도 동두천시 상패동,44297
경기도 동두천시 송내동,27845
경기도 동두천시 탑동동,629
경기도 동두천시 하봉암동,1351
경기도 부천시 괴안동,98708
경기도 부천시 내동,204489
경기도 부천시 대장동,100
경기도 부천시 도당동,99663
경기도 부천시 삼정동,150541
경기도 부천시 소사본동,20734
경기도 부천시 송내동,3339
경기도 부천시 심곡동,2096
경기도 부천시 약대동,33620
경기도 부천시 여월동,2868
경기도 부천시 역곡동,1061
경기도 부천시 오정동,100705
경기도 부천시 원미동,598
경기도 부천시 원종동,6199
경기도 부천시 춘의동,5552
경기도 성남시수정구 금토동,12893
경기도 성남시수정구 복정동,81305
경기도 성남시수정구 사송동,113275
경기도 성남시수정구 수진동,218
경기도 성남시수정구 시흥동,30131
경기도 성남시수정구 창곡동,237
경기도 성남시수정구 태평동,844
경기도 성남시중원구 갈현동,379
경기도 성남시중원구 금광동,778
경기도 성남시중원구 상대원동,39222
경기도 성남시중원구 성남동,3574
경기도 성남시중원구 하대원동,863
경기도 수원시권선구 고색동,2420
경기도 수원시권선구 곡반정동,10700
경기도 수원시권선구 구운동,173
경기도 수원시권선구 당수동,133
경기도 수원시권선구 오목천동,164463
경기도 수원시권선구 탑동,8759
경기도 수원시영통구 신동,75723
경기도 수원시영통구 원천동,2543721
경기도 수원시장안구 이목동,36268
경기도 수원시팔달구 지동,104125
경기도 시흥시 계수동,583455
경기도 시흥시 과림동,229942
경기도 시흥시 광석동,296251
경기도 시흥시 금이동,33671
경기도 시흥시 대야동,655180
경기도 시흥시 도창동,912951
경기도 시흥시 매화동,200
경기도 시흥시 목감동,57448
경기도 시흥시 무지내동,99250
경기도 시흥시 물왕동,432
경기도 시흥시 미산동,509650
경기도 시흥시 방산동,117718
경기도 시흥시 신천동,100681
경기도 시흥시 안현동,25448
경기도 시흥시 장곡동,2261
경기도 시흥시 정왕동,604087
경기도 시흥시 조남동,147335
경기도 시흥시 포동,6235
경기도 안산시단원구 고잔동,27095
경기도 안산시단원구 대부남동,1597
경기도 안산시단원구 대부동동,15951
경기도 안산시단원구 대부북동,11215
경기도 안산시단원구 목내동,899775
경기도 안산시단원구 선감동,839
경기도 안산시단원구 선부동,444426
경기도 안산시단원구 성곡동,944726
경기도 안산시단원구 신길동,58138
경기도 안산시단원구 원곡동,1142
경기도 안산시단원구 원시동,186009
경기도 안산시단원구 초지동,38244
경기도 안산시단원구 화정동,7144
경기도 안산시상록구 본오동,1042
경기도 안산시상록구 사동,1904
경기도 안산시상록구 사사동,2334
경기도 안산시상록구 장상동,54729
경기도 안산시상록구 장하동,87922
경기도 안산시상록구 팔곡일동,62689
경기도 안성시 고삼면,13562
경기도 안성시 공도읍,11600
경기도 안성시 금광면,12067
경기도 안성시 대덕면,51355
경기도 안성시 도기동,1415
경기도 안성시 미양면,5137655
경기도 안성시 보개면,1004643
경기도 안성시 삼죽면,80562
경기도 안성시 서운면,2375
경기도 안성시 신소현동,3023157
경기도 안성시 양성면,8242208
경기도 안성시 원곡면,1616224
경기도 안성시 일죽면,614378
경기도 안성시 죽산면,1466163
경기도 안성시 중리동,3674
경기도 안성시 현수동,5923
경기도 안양시동안구 관양동,94740
경기도 안양시동안구 평촌동,14704
경기도 안양시동안구 호계동,1971861
경기도 안양시만안구 박달동,10430
경기도 안양시만안구 석수동,4327
경기도 안양시만안구 안양동,76915
경기도 양주시 고암동,99973
경기도 양주시 광사동,8851
경기도 양주시 광적면,1381126
경기도 양주시 남면,666667
경기도 양주시 덕계동,1901
경기도 양주시 덕정동,7485
경기도 양주시 마전동,230856
경기도 양주시 만송동,115289
경기도 양주시 백석읍,35753
경기도 양주시 봉양동,10987
경기도 양주시 산북동,68
경기도 양주시 삼숭동,483693
경기도 양주시 은현면,187707
경기도 양주시 장흥면,698257
경기도 양주시 회정동,2014
경기도 양평군 강상면,1357
경기도 양평군 강하면,23754
경기도 양평군 단월면,17178
경기도 양평군 서종면,31477
경기도 양평군 양서면,6077
경기도 양평군 옥천면,103
경기도 양평군 용문면,394
경기도 양평군 지평면,54534
경기도 여주시 가남읍,336477
경기도 여주시 가업동,39
경기도 여주시 강천면,150921
경기도 여주시 금사면,18747
경기도 여주시 능서면,152453
경기도 여주시 대신면,4071
경기도 여주시 매룡동,44401
경기도 여주시 북내면,109839
경기도 여주시 산북면,3369
경기도 여주시 연라동,13234
경기도 여주시 오학동,22389
경기도 여주시 점동면,21038
경기도 여주시 점봉동,20257
경기도 여주시 천송동,327
경기도 여주시 하거동,4366
경기도 여주시 현암동,40497
경기도 여주시 흥천면,580649
경기도 연천군 군남면,26278
경기도 연천군 미산면,4191
경기도 연천군 백학면,4461
경기도 연천군 신서면,46357
경기도 연천군 연천읍,721
경기도 연천군 왕징면,1399
경기도 연천군 장남면,1109
경기도 연천군 전곡읍,26775
경기도 연천군 청산면,145682
경기도 오산시 가장동,55
경기도 오산시 갈곶동,220
경기도 오산시 내삼미동,9932
경기도 오산시 누읍동,2030008
경기도 오산시 두곡동,12856
경기도 오산시 벌음동,1672
경기도 오산시 서랑동,123304
경기도 오산시 세교동,199
경기도 오산시 외삼미동,94324
경기도 용인시기흥구 고매동,1531
경기도 용인시기흥구 공세동,296777
경기도 용인시기흥구 상하동,1682
경기도 용인시기흥구 신갈동,477
경기도 용인시기흥구 영덕동,1254
경기도 용인시기흥구 중동,618217
경기도 용인시수지구 고기동,61642
경기도 용인시수지구 풍덕천동,6916
경기도 용인시처인구 고림동,144674
경기도 용인시처인구 남사면,655005
경기도 용인시처인구 모현읍,1199463
경기도 용인시처인구 백암면,777031
경기도 용인시처인구 양지면,436952
경기도 용인시처인구 원삼면,255751
경기도 용인시처인구 유방동,251
경기도 용인시처인구 이동읍,577833
경기도 용인시처인구 포곡읍,266685
경기도 의왕시 고천동,13529
경기도 의왕시 오전동,1035
경기도 의왕시 이동,33
경기도 의왕시 초평동,526
경기도 의왕시 포일동,134232
경기도 의정부시 녹양동,13683
경기도 의정부시 용현동,5691
경기도 의정부시 의정부동,39417
경기도 의정부시 자일동,7228
경기도 이천시 고담동,3344
경기도 이천시 단월동,201907
경기도 이천시 대월면,439395
경기도 이천시 마장면,409915
경기도 이천시 모가면,73178
경기도 이천시 백사면,519179
경기도 이천시 부발읍,891026
경기도 이천시 사음동,1352579
경기도 이천시 설성면,24129
경기도 이천시 송정동,594
경기도 이천시 신둔면,11050
경기도 이천시 율면,8570
경기도 이천시 장호원읍,115843
경기도 이천시 호법면,1450444
경기도 파주시 광탄면,799352
경기도 파주시 군내면,1564
경기도 파주시 금촌동,4500
경기도 파주시 동패동,6767
경기도 파주시 문발동,321190
경기도 파주시 문산읍,383117
경기도 파주시 법원읍,52513
경기도 파주시 상지석동,1329238
경기도 파주시 서패동,5990
경기도 파주시 신촌동,37989
경기도 파주시 야당동,3110
경기도 파주시 야동동,152711
경기도 파주시 연다산동,1210
경기도 파주시 오도동,11107
경기도 파주시 월롱면,1369074
경기도 파주시 적성면,24733
경기도 파주시 조리읍,345250
경기도 파주시 탄현면,191890
경기도 파주시 파주읍,30169
경기도 파주시 파평면,1834
경기도 평택시 가재동,9397
경기도 평택시 고덕면,57168
경기도 평택시 도일동,490
경기도 평택시 독곡동,120417
경기도 평택시 모곡동,6460
경기도 평택시 서탄면,57935
경기도 평택시 세교동,588
경기도 평택시 소사동,4557
경기도 평택시 안중읍,31366
경기도 평택시 오성면,195420
경기도 평택시 월곡동,279640
경기도 평택시 유천동,1517
경기도 평택시 장당동,9549
경기도 평택시 진위면,32091
경기도 평택시 청룡동,88508
경기도 평택시 청북읍,275110
경기도 평택시 칠원동,56843
경기도 평택시 통복동,1476
경기도 평택시 팽성읍,244897
경기도 평택시 포승읍,174409
경기도 평택시 합정동,0
경기도 평택시 현덕면,288724
경기도 포천시 가산면,2921059
경기도 포천시 관인면,305114
경기도 포천시 군내면,251485
경기도 포천시 내촌면,780568
경기도 포천시 동교동,59373
경기도 포천시 선단동,175700
경기도 포천시 설운동,1124175
경기도 포천시 소흘읍,1211397
경기도 포천시 신북면,533398
경기도 포천시 영북면,4027
경기도 포천시 영중면,263682
경기도 포천시 이동면,571024
경기도 포천시 일동면,265835
경기도 포천시 자작동,5251
경기도 포천시 창수면,61753
경기도 포천시 화현면,139855
경기도 하남시 감북동,534763
경기도 하남시 감일동,448
경기도 하남시 광암동,4874
경기도 하남시 교산동,147400
경기도 하남시 덕풍동,2017
경기도 하남시 미사동,5883
경기도 하남시 상사창동,294339
경기도 하남시 상산곡동,116300
경기도 하남시 창우동,324158
경기도 하남시 천현동,115818
경기도 하남시 초이동,255924
경기도 하남시 초일동,8161
경기도 하남시 춘궁동,5718
경기도 하남시 하사창동,162458
경기도 하남시 하산곡동,117
경기도 화성시 금곡동,10948
경기도 화성시 기산동,3004
경기도 화성시 기안동,24635
경기도 화성시 남양읍,1541973
경기도 화성시 마도면,640009
경기도 화성시 매송면,38840
경기도 화성시 반월동,11546
경기도 화성시 반정동,12715
경기도 화성시 방교동,78460
경기도 화성시 배양동,882211
경기도 화성시 봉담읍,1945907
경기도 화성시 비봉면,762536
경기도 화성시 서신면,1288860
경기도 화성시 석우동,6301
경기도 화성시 송산면,237798
경기도 화성시 신동,1551
경기도 화성시 안녕동,640791
경기도 화성시 양감면,1546262
경기도 화성시 우정읍,9969932
경기도 화성시 장안면,1310276
경기도 화성시 정남면,2504707
경기도 화성시 팔탄면,2793572
경기도 화성시 향남읍,10377206
경기도 화성시 황계동,22748
경상남도 거제시 거제면,1956
경상남도 거제시 사등면,5583
경상남도 거제시 상동동,1748
경상남도 거제시 연초면,27787
경상남도 거제시 옥포동,104
경상남도 거제시 장승포동,1035
경상남도 거제시 하청면,4830
경상남도 거창군 가조면,10308
경상남도 거창군 거창읍,1060
경상남도 거창군 남상면,663059
경상남도 거창군 마리면,0
경상남도 거창군 위천면,1421
경상남도 고성군 개천면,181710
경상남도 고성군 고성읍,292
경상남도 고성군 구만면,11114
경상남도 고성군 동해면,42001
경상남도 고성군 마암면,120
경상남도 고성군 삼산면,1873
경상남도 고성군 영오면,7744
경상남도 고성군 하이면,45348
경상남도 고성군 하일면,314
경상남도 김해시 구산동,2277
경상남도 김해시 대동면,176515
경상남도 김해시 부곡동,13555
경상남도 김해시 삼계동,1566
경상남도 김해시 상동면,171704
경상남도 김해시 생림면,225249
경상남도 김해시 안동,7246
경상남도 김해시 어방동,2528
경상남도 김해시 외동,34670
경상남도 김해시 유하동,5353
경상남도 김해시 장유동,145
경상남도 김해시 주촌면,91998
경상남도 김해시 지내동,3605
경상남도 김해시 진례면,43563
경상남도 김해시 진영읍,18338
경상남도 김해시 한림면,2982074
경상남도 김해시 흥동,6965
경상남도 남해군 고현면,17388
경상남도 남해군 남면,181
경상남도 남해군 남해읍,714
경상남도 남해군 삼동면,47241
경상남도 남해군 설천면,71798
경상남도 남해군 이동면,6391
경상남도 남해군 창선면,9168
경상남도 밀양시 단장면,14602
경상남도 밀양시 무안면,67950
경상남도 밀양시 부북면,2213
경상남도 밀양시 산외면,24153
경상남도 밀양시 삼랑진읍,428598
경상남도 밀양시 상남면,104886
경상남도 밀양시 청도면,10007
경상남도 밀양시 초동면,546652
경상남도 밀양시 하남읍,204164
경상남도 사천시 곤양면,5234
경상남도 사천시 대방동,1226
경상남도 사천시 사남면,156084
경상남도 사천시 사등동,1078
경상남도 사천시 사천읍,7715
경상남도 사천시 서포면,2976
경상남도 사천시 송포동,3389
경상남도 사천시 실안동,4545
경상남도 사천시 정동면,90
경상남도 사천시 축동면,8027
경상남도 사천시 향촌동,2847
경상남도 산청군 금서면,30727
경상남도 산청군 단성면,4848
경상남도 산청군 산청읍,220
경상남도 산청군 삼장면,4475
경상남도 산청군 신등면,495
경상남도 산청군 신안면,1208
경상남도 양산시 덕계동,108872
경상남도 양산시 동면,1442
경상남도 양산시 매곡동,3346
경상남도 양산시 명곡동,48873
경상남도 양산시 명동,101
경상남도 양산시 산막동,74669
경상남도 양산시 상북면,1583038
경상남도 양산시 소주동,2454
경상남도 양산시 어곡동,11022
경상남도 양산시 용당동,185801
경상남도 양산시 원동면,4490
경상남도 양산시 유산동,182866
경상남도 양산시 주남동,139
경상남도 양산시 하북면,6065
경상남도 양산시 호계동,1967
경상남도 의령군 낙서면,150
경상남도 의령군 대의면,449
경상남도 의령군 봉수면,27953
경상남도 의령군 부림면,1217
경상남도 의령군 용덕면,684
경상남도 의령군 의령읍,55788
경상남도 의령군 정곡면,300632
경상남도 의령군 지정면,112054
경상남도 진주시 금곡면,14064
경상남도 진주시 금산면,60401
경상남도 진주시 대곡면,31350
경상남도 진주시 망경동,785
경상남도 진주시 명석면,127001
경상남도 진주시 문산읍,2371
경상남도 진주시 사봉면,2473
경상남도 진주시 상대동,8228
경상남도 진주시 상평동,67092
경상남도 진주시 수곡면,2031
경상남도 진주시 이반성면,291
경상남도 진주시 장재동,473
경상남도 진주시 정촌면,4274
경상남도 진주시 지수면,2064
경상남도 진주시 집현면,17364
경상남도 창녕군 고암면,702
경상남도 창녕군 남지읍,8442
경상남도 창녕군 대합면,8925
경상남도 창녕군 성산면,1316
경상남도 창녕군 영산면,12793
경상남도 창녕군 이방면,6163
경상남도 창녕군 장마면,33908
경상남도 창녕군 창녕읍,11281
경상남도 창원시 마산합포구 구산면,1145
경상남도 창원시 마산합포구 남성동,952
경상남도 창원시 마산합포구 덕동동,353255
경상남도 창원시 마산합포구 신포동1가,723
경상남도 창원시 마산합포구 장군동1가,243
경상남도 창원시 마산합포구 진동면,63741
경상남도 창원시 마산합포구 진북면,4143
경상남도 창원시 마산합포구 진전면,268487
경상남도 창원시 마산합포구 해운동,11822
경상남도 창원시 마산회원구 구암동,9819
경상남도 창원시 마산회원구 내서읍,1287
경상남도 창원시 마산회원구 두척동,117
경상남도 창원시 마산회원구 봉암동,11836
경상남도 창원시 마산회원구 양덕동,1067
경상남도 창원시 성산구 귀곡동,5109
경상남도 창원시 성산구 남산동,1334
경상남도 창원시 성산구 내동,55000
경상남도 창원시 성산구 성산동,6727
경상남도 창원시 성산구 성주동,4403
경상남도 창원시 성산구 신촌동,53595
경상남도 창원시 성산구 웅남동,14537
경상남도 창원시 성산구 천선동,3776
경상남도 창원시 의창구 대산면,88207
경상남도 창원시 의창구 대원동,67911
경상남도 창원시 의창구 동읍,83760
경상남도 창원시 의창구 명서동,462
경상남도 창원시 의창구 북면,11376
경상남도 창원시 의창구 사화동,881
경상남도 창원시 의창구 소계동,1668
경상남도 창원시 의창구 팔용동,108934
경상남도 창원시 진해구 경화동,427
경상남도 창원시 진해구 남문동,10631
경상남도 창원시 진해구 남양동,8167
경상남도 창원시 진해구 성내동,2092
경상남도 통영시 광도면,990
경상남도 통영시 도산면,16112
경상남도 통영시 인평동,635
경상남도 하동군 고전면,926
경상남도 하동군 금남면,302
경상남도 하동군 금성면,2145
경상남도 하동군 북천면,6272
경상남도 하동군 악양면,10564
경상남도 하동군 양보면,48
경상남도 하동군 옥종면,21369
경상남도 하동군 진교면,397989
경상남도 하동군 하동읍,1804
경상남도 하동군 횡천면,23697
경상남도 함안군 가야읍,4848
경상남도 함안군 군북면,42467
경상남도 함안군 대산면,12378
경상남도 함안군 산인면,2305
경상남도 함안군 칠북면,1900
경상남도 함안군 칠서면,3665
경상남도 함안군 칠원읍,208165
경상남도 함양군 병곡면,828
경상남도 함양군 서상면,114
경상남도 함양군 수동면,1850
경상남도 함양군 안의면,26241
경상남도 함양군 유림면,2776
경상남도 함양군 지곡면,2881
경상남도 함양군 함양읍,4802
경상남도 함양군 휴천면,3349
경상남도 합천군 가야면,37783
경상남도 합천군 가회면,879
경상남도 합천군 묘산면,160
경상남도 합천군 쌍책면,3064
경상남도 합천군 야로면,162193
경상남도 합천군 합천읍,1304
경상북도 경산시 남방동,3542
경상북도 경산시 남산면,6312
경상북도 경산시 남천면,66030
경상북도 경산시 사동,1738
경상북도 경산시 압량면,230058
경상북도 경산시 와촌면,4114
경상북도 경산시 용성면,27088
경상북도 경산시 임당동,6187
경상북도 경산시 자인면,1139123
경상북도 경산시 진량읍,590522
경상북도 경산시 하양읍,9778
경상북도 경주시 감포읍,9760
경상북도 경주시 강동면,12208
경상북도 경주시 건천읍,33583
경상북도 경주시 내남면,881
경상북도 경주시 마동,1555
경상북도 경주시 서면,50044
경상북도 경주시 시동,517
경상북도 경주시 안강읍,13850
경상북도 경주시 양남면,15647
경상북도 경주시 양북면,668
경상북도 경주시 외동읍,1226876
경상북도 경주시 율동,1127
경상북도 경주시 천군동,0
경상북도 경주시 천북면,41461
경상북도 경주시 황성동,26823
경상북도 경주시 효현동,2115
경상북도 고령군 개진면,192899
경상북도 고령군 다산면,163005
경상북도 고령군 대가야읍,374269
경상북도 고령군 덕곡면,29640
경상북도 고령군 성산면,10269
경상북도 고령군 쌍림면,973
경상북도 구미시 고아읍,512400
경상북도 구미시 공단동,14829822
경상북도 구미시 구포동,7911
경상북도 구미시 금전동,540
경상북도 구미시 도개면,197891
경상북도 구미시 도량동,60
경상북도 구미시 부곡동,24444
경상북도 구미시 비산동,84346
경상북도 구미시 사곡동,859
경상북도 구미시 산동면,47657
경상북도 구미시 선산읍,6268
경상북도 구미시 시미동,330
경상북도 구미시 오태동,1675633
경상북도 구미시 옥성면,8581
경상북도 구미시 장천면,99562
경상북도 구미시 지산동,3031
경상북도 구미시 해평면,13454
경상북도 군위군 고로면,2735
경상북도 군위군 군위읍,194896
경상북도 군위군 산성면,6875
경상북도 군위군 우보면,463110
경상북도 군위군 의흥면,182067
경상북도 김천시 감문면,49179
경상북도 김천시 감천면,1985
경상북도 김천시 개령면,111187
경상북도 김천시 남면,299901
경상북도 김천시 농소면,1143
경상북도 김천시 대광동,7036
경상북도 김천시 대덕면,2177
경상북도 김천시 대항면,3574
경상북도 김천시 삼락동,7529
경상북도 김천시 신음동,2493
경상북도 김천시 아포읍,8252
경상북도 김천시 어모면,17857
경상북도 김천시 율곡동,199
경상북도 김천시 응명동,2514
경상북도 김천시 조마면,17908
경상북도 김천시 지좌동,6081
경상북도 문경시 가은읍,213729
경상북도 문경시 마성면,19789
경상북도 문경시 문경읍,19608
경상북도 문경시 산양면,16946
경상북도 문경시 영순면,7939
경상북도 봉화군 명호면,10516
경상북도 봉화군 물야면,2586
경상북도 봉화군 법전면,25248
경상북도 봉화군 봉성면,3009
경상북도 봉화군 봉화읍,7590
경상북도 봉화군 상운면,4877
경상북도 봉화군 석포면,13481
경상북도 봉화군 춘양면,5826
경상북도 상주시 거동동,27772
경상북도 상주시 계산동,265
경상북도 상주시 공검면,745
경상북도 상주시 공성면,5683
경상북도 상주시 도남동,24860
경상북도 상주시 모동면,30527
경상북도 상주시 사벌면,156
경상북도 상주시 연원동,34351
경상북도 상주시 외남면,17400
경상북도 상주시 이안면,9236
경상북도 상주시 인평동,3611
경상북도 상주시 중동면,605
경상북도 상주시 초산동,517
경상북도 상주시 함창읍,36586
경상북도 상주시 화동면,3821
경상북도 상주시 화서면,66
경상북도 상주시 흥각동,4093
경상북도 성주군 대가면,4153
경상북도 성주군 선남면,602027
경상북도 성주군 성주읍,4083026
경상북도 성주군 용암면,21950
경상북도 성주군 월항면,245171
경상북도 성주군 초전면,18996
경상북도 안동시 노하동,180147
경상북도 안동시 녹전면,2617
경상북도 안동시 도산면,10131
경상북도 안동시 북후면,3952
경상북도 안동시 서후면,3334
경상북도 안동시 송천동,5283
경상북도 안동시 수하동,518
경상북도 안동시 예안면,2393
경상북도 안동시 와룡면,3714
경상북도 안동시 용상동,11882
경상북도 안동시 일직면,1511
경상북도 안동시 임하면,646
경상북도 안동시 정하동,131180
경상북도 안동시 풍산읍,54292
경상북도 영덕군 강구면,128038
경상북도 영덕군 영덕읍,572
경상북도 영덕군 창수면,20593
경상북도 영양군 수비면,186
경상북도 영양군 일월면,4890
경상북도 영주시 문수면,1393
경상북도 영주시 아지동,49
경상북도 영주시 안정면,33132
경상북도 영주시 영주동,67
경상북도 영주시 이산면,9084
경상북도 영주시 장수면,88032
경상북도 영주시 평은면,14030
경상북도 영주시 휴천동,10962
경상북도 영천시 고경면,655741
경상북도 영천시 금호읍,758883
경상북도 영천시 대창면,9737
경상북도 영천시 도남동,497646
경상북도 영천시 북안면,477477
경상북도 영천시 신녕면,2979
경상북도 영천시 야사동,558
경상북도 영천시 완산동,691
경상북도 영천시 임고면,48156
경상북도 영천시 청통면,55628
경상북도 영천시 화남면,84468
경상북도 영천시 화산면,1230453
경상북도 예천군 감천면,29030
경상북도 예천군 보문면,6366
경상북도 예천군 예천읍,26942
경상북도 예천군 용궁면,128
경상북도 예천군 용문면,2512
경상북도 예천군 유천면,1127
경상북도 예천군 지보면,453445
경상북도 예천군 풍양면,642951
경상북도 예천군 호명면,45
경상북도 울릉군 서면,29371
경상북도 울진군 기성면,0
경상북도 울진군 죽변면,30163
경상북도 의성군 가음면,6408
경상북도 의성군 구천면,45
경상북도 의성군 금성면,1782
경상북도 의성군 다인면,2128033
경상북도 의성군 단북면,385212
경상북도 의성군 단촌면,26942
경상북도 의성군 봉양면,966
경상북도 의성군 안계면,10048
경상북도 의성군 의성읍,6230
경상북도 의성군 점곡면,55530
경상북도 청도군 각북면,20613
경상북도 청도군 금천면,1198
경상북도 청도군 매전면,4531
경상북도 청도군 이서면,5676
경상북도 청도군 청도읍,688
경상북도 청도군 풍각면,1077802
경상북도 청도군 화양읍,116620
경상북도 청송군 주왕산면,25678
경상북도 청송군 파천면,4442
경상북도 청송군 현동면,2454
경상북도 칠곡군 가산면,3528509
경상북도 칠곡군 동명면,13920
경상북도 칠곡군 북삼읍,194864
경상북도 칠곡군 석적읍,1162462
경상북도 칠곡군 약목면,51230
경상북도 칠곡군 왜관읍,68312
경상북도 칠곡군 지천면,18116
경상북도 포항시남구 구룡포읍,1126
경상북도 포항시남구 대송면,7933
경상북도 포항시남구 동해면,5246
경상북도 포항시남구 송도동,480
경상북도 포항시남구 연일읍,13243
경상북도 포항시남구 오천읍,38050
경상북도 포항시남구 장기면,3251
경상북도 포항시남구 장흥동,54719
경상북도 포항시남구 호동,2116
경상북도 포항시남구 호미곶면,2228
경상북도 포항시북구 기계면,107630
경상북도 포항시북구 기북면,3438
경상북도 포항시북구 대신동,587
경상북도 포항시북구 신광면,17187
경상북도 포항시북구 죽도동,2757
경상북도 포항시북구 죽장면,36506
경상북도 포항시북구 청하면,16066
경상북도 포항시북구 흥해읍,39881
광주광역시 광산구 남산동,130
광주광역시 광산구 두정동,21190
광주광역시 광산구 비아동,96963
광주광역시 광산구 소촌동,8802
광주광역시 광산구 신창동,898773
광주광역시 광산구 안청동,7219
광주광역시 광산구 옥동,32921
광주광역시 광산구 요기동,174
광주광역시 광산구 용동,9397
광주광역시 광산구 우산동,383
광주광역시 광산구 운남동,2054
광주광역시 광산구 운수동,2044
광주광역시 광산구 월전동,5018
광주광역시 광산구 장덕동,161
광주광역시 광산구 장록동,75966
광주광역시 광산구 지죽동,12363
광주광역시 광산구 진곡동,8763
광주광역시 광산구 하남동,834
광주광역시 남구 송하동,8428
광주광역시 남구 승촌동,11517
광주광역시 남구 신장동,3948
광주광역시 남구 양과동,115266
광주광역시 동구 소태동,20374
광주광역시 북구 각화동,1218
광주광역시 북구 대촌동,37408
광주광역시 북구 동림동,1642
광주광역시 북구 문흥동,3052
광주광역시 북구 양산동,17221
광주광역시 북구 연제동,2731
광주광역시 북구 월출동,1075
광주광역시 북구 유동,240
광주광역시 북구 임동,2426
광주광역시 북구 중흥동,275
광주광역시 서구 광천동,4425
광주광역시 서구 덕흥동,12613
광주광역시 서구 매월동,4892
광주광역시 서구 서창동,682
대구광역시 남구 대명동,576
대구광역시 달서구 갈산동,255511
대구광역시 달서구 대천동,697321
대구광역시 달서구 두류동,15356
대구광역시 달서구 본동,3687
대구광역시 달서구 신당동,3384
대구광역시 달서구 월성동,2061
대구광역시 달서구 월암동,104342
대구광역시 달서구 장기동,363
대구광역시 달서구 장동,105585
대구광역시 달서구 파호동,253
대구광역시 달서구 호림동,0
대구광역시 달성군 구지면,192539
대구광역시 달성군 논공읍,124170
대구광역시 달성군 다사읍,83599
대구광역시 달성군 옥포읍,72603
대구광역시 달성군 유가읍,248035
대구광역시 달성군 하빈면,711579
대구광역시 달성군 현풍읍,35503
대구광역시 달성군 화원읍,380788
대구광역시 동구 검사동,4558
대구광역시 동구 덕곡동,536
대구광역시 동구 도동,14907
대구광역시 동구 동호동,47745
대구광역시 동구 둔산동,1558
대구광역시 동구 미대동,4891
대구광역시 동구 백안동,23740
대구광역시 동구 불로동,897
대구광역시 동구 사복동,8740
대구광역시 동구 상매동,331
대구광역시 북구 검단동,17976
대구광역시 북구 관음동,502
대구광역시 북구 국우동,0
대구광역시 북구 노원동1가,3718
대구광역시 북구 노원동2가,1477
대구광역시 북구 노원동3가,104924
대구광역시 북구 도남동,111
대구광역시 북구 복현동,8
대구광역시 북구 산격동,3937
대구광역시 북구 연경동,0
대구광역시 북구 조야동,1499
대구광역시 북구 침산동,68435
대구광역시 북구 팔달동,10420
대구광역시 서구 비산동,56566
대구광역시 서구 이현동,52788
대구광역시 서구 중리동,26825
대구광역시 서구 평리동,4694
대구광역시 수성구 고모동,1613
대구광역시 수성구 사월동,115220
대구광역시 중구 계산동1가,2444
대구광역시 중구 남산동,24570
대구광역시 중구 도원동,3787
대구광역시 중구 동인동1가,4598
대구광역시 중구 수창동,10481
대전광역시 대덕구 대화동,6745
대전광역시 대덕구 목상동,5042
대전광역시 대덕구 문평동,10968
대전광역시 대덕구 비래동,3911
대전광역시 대덕구 신일동,12837
대전광역시 대덕구 신탄진동,158
대전광역시 대덕구 오정동,108464
대전광역시 대덕구 읍내동,447
대전광역시 대덕구 평촌동,83296
대전광역시 동구 구도동,4834
대전광역시 동구 대별동,8109
대전광역시 동구 비룡동,1981
대전광역시 동구 상소동,576
대전광역시 동구 성남동,6774
대전광역시 서구 가장동,114
대전광역시 서구 괴정동,72
대전광역시 서구 매노동,292
대전광역시 서구 오동,99
대전광역시 서구 용촌동,1600
대전광역시 서구 월평동,3104
대전광역시 유성구 관평동,1597
대전광역시 유성구 구암동,25218
대전광역시 유성구 봉산동,2376
대전광역시 유성구 안산동,968
대전광역시 유성구 외삼동,99004
대전광역시 유성구 용계동,7608
대전광역시 유성구 원내동,126
대전광역시 유성구 자운동,1849
대전광역시 유성구 장대동,328
대전광역시 유성구 장동,11075
대전광역시 유성구 탑립동,2792
대전광역시 중구 문화동,1080
대전광역시 중구 산성동,2632
대전광역시 중구 석교동,15176
대전광역시 중구 안영동,2556
대전광역시 중구 유천동,87395
대전광역시 중구 중촌동,717
부산광역시 강서구 강동동,29621
부산광역시 강서구 구랑동,14395
부산광역시 강서구 대저1동,71640
부산광역시 강서구 대저2동,92355
부산광역시 강서구 명지동,57480
부산광역시 강서구 미음동,579
부산광역시 강서구 봉림동,12755
부산광역시 강서구 생곡동,4307
부산광역시 강서구 송정동,55085
부산광역시 강서구 신호동,9807
부산광역시 강서구 죽동동,365
부산광역시 강서구 지사동,990
부산광역시 강서구 화전동,75
부산광역시 금정구 금사동,73926
부산광역시 금정구 노포동,281
부산광역시 금정구 두구동,57087
부산광역시 금정구 선동,299116
부산광역시 금정구 회동동,10099
부산광역시 기장군 장안읍,3951
부산광역시 기장군 정관읍,962199
부산광역시 기장군 철마면,27925
부산광역시 남구 감만동,110
부산광역시 남구 대연동,300
부산광역시 동구 범일동,1100
부산광역시 동래구 명장동,103
부산광역시 동래구 사직동,266
부산광역시 동래구 온천동,100
부산광역시 부산진구 개금동,14981
부산광역시 부산진구 당감동,0
부산광역시 부산진구 범천동,10397
부산광역시 부산진구 부암동,91
부산광역시 부산진구 부전동,4377
부산광역시 부산진구 양정동,3050
부산광역시 부산진구 연지동,503
부산광역시 부산진구 초읍동,346
부산광역시 북구 구포동,11731
부산광역시 북구 만덕동,998
부산광역시 사상구 감전동,181680
부산광역시 사상구 괘법동,23834
부산광역시 사상구 덕포동,10316
부산광역시 사상구 모라동,12003
부산광역시 사상구 삼락동,80684
부산광역시 사상구 엄궁동,10970
부산광역시 사상구 주례동,94
부산광역시 사상구 학장동,63300
부산광역시 사하구 감천동,6803
부산광역시 사하구 괴정동,127
부산광역시 사하구 구평동,9720
부산광역시 사하구 다대동,3106
부산광역시 사하구 신평동,55452
부산광역시 사하구 장림동,5205
부산광역시 사하구 하단동,306
부산광역시 서구 남부민동,5061
부산광역시 서구 암남동,0
부산광역시 수영구 광안동,0
부산광역시 연제구 연산동,42094
부산광역시 영도구 남항동1가,81942
부산광역시 영도구 남항동3가,4905
부산광역시 영도구 대평동2가,12656
부산광역시 영도구 동삼동,2118
부산광역시 영도구 봉래동4가,106
부산광역시 영도구 청학동,1825
부산광역시 해운대구 반여동,5072
부산광역시 해운대구 우동,20233
부산광역시 해운대구 재송동,3861
서울특별시 강남구 논현동,28215
서울특별시 강남구 일원동,26456
서울특별시 강동구 고덕동,1026
서울특별시 강동구 성내동,143
서울특별시 강동구 천호동,6405
서울특별시 강북구 미아동,599
서울특별시 강서구 가양동,4085
서울특별시 강서구 개화동,91360
서울특별시 강서구 염창동,4834
서울특별시 관악구 봉천동,61812
서울특별시 광진구 군자동,15712
서울특별시 광진구 자양동,595
서울특별시 광진구 중곡동,3262
서울특별시 구로구 개봉동,8913
서울특별시 구로구 구로동,148523
서울특별시 구로구 신도림동,204
서울특별시 금천구 가산동,224400
서울특별시 금천구 독산동,257548
서울특별시 금천구 시흥동,864
서울특별시 노원구 공릉동,431
서울특별시 노원구 상계동,3355
서울특별시 노원구 중계동,32
서울특별시 도봉구 도봉동,52996
서울특별시 도봉구 방학동,440
서울특별시 도봉구 쌍문동,1878
서울특별시 도봉구 창동,324
서울특별시 동대문구 답십리동,44
서울특별시 동대문구 신설동,581
서울특별시 동대문구 용두동,32418
서울특별시 동대문구 장안동,147142
서울특별시 동대문구 제기동,86606
서울특별시 동대문구 회기동,296
서울특별시 동대문구 휘경동,1980
서울특별시 마포구 망원동,165
서울특별시 마포구 성산동,50
서울특별시 마포구 염리동,9115
서울특별시 서대문구 남가좌동,46
서울특별시 서초구 내곡동,3876
서울특별시 서초구 방배동,50
서울특별시 서초구 서초동,724
서울특별시 서초구 잠원동,12
서울특별시 성동구 금호동1가,1769
서울특별시 성동구 도선동,436
서울특별시 성동구 마장동,449833
서울특별시 성동구 성수동1가,1538
서울특별시 성동구 성수동2가,5493
서울특별시 성동구 송정동,5984
서울특별시 성동구 용답동,994
서울특별시 성동구 하왕십리동,16438
서울특별시 성동구 홍익동,499
서울특별시 성북구 동선동4가,200
서울특별시 성북구 보문동1가,838
서울특별시 성북구 상월곡동,36275
서울특별시 성북구 석관동,8767
서울특별시 성북구 성북동,100
서울특별시 성북구 안암동3가,145
서울특별시 성북구 장위동,954
서울특별시 성북구 정릉동,453
서울특별시 성북구 종암동,13596
서울특별시 송파구 가락동,34
서울특별시 송파구 마천동,81
서울특별시 송파구 문정동,1162
서울특별시 양천구 목동,50050
서울특별시 양천구 신월동,240
서울특별시 영등포구 당산동1가,117
서울특별시 영등포구 대림동,54
서울특별시 영등포구 문래동1가,83
서울특별시 영등포구 문래동3가,954
서울특별시 영등포구 문래동4가,3637
서울특별시 영등포구 양평동1가,2605
서울특별시 영등포구 양평동2가,3145
서울특별시 영등포구 양평동3가,27535
서울특별시 영등포구 양평동4가,198
서울특별시 영등포구 양화동,385
서울특별시 영등포구 여의도동,495
서울특별시 영등포구 영등포동2가,453
서울특별시 용산구 이촌동,808
서울특별시 은평구 갈현동,1462
서울특별시 은평구 진관동,174
서울특별시 종로구 견지동,9130
서울특별시 종로구 관수동,42
서울특별시 종로구 돈의동,6039
서울특별시 종로구 봉익동,63
서울특별시 종로구 숭인동,758
서울특별시 종로구 연지동,37006
서울특별시 종로구 원남동,152
서울특별시 종로구 장사동,14438
서울특별시 종로구 체부동,5
서울특별시 중구 남대문로3가,17401
서울특별시 중구 산림동,1735
서울특별시 중구 신당동,187164
서울특별시 중구 예장동,37744
서울특별시 중구 오장동,55
서울특별시 중구 을지로3가,16042
서울특별시 중구 을지로4가,478660
서울특별시 중구 을지로5가,10630
서울특별시 중구 인현동1가,157495
서울특별시 중구 충무로5가,55
서울특별시 중구 황학동,4103
서울특별시 중구 회현동1가,24785
서울특별시 중구 흥인동,12193
서울특별시 중랑구 망우동,1435
서울특별시 중랑구 면목동,70880
서울특별시 중랑구 묵동,303
세종특별자치시 세종 가람동,96152
세종특별자치시 세종 고운동,4753
세종특별자치시 세종 금남면,103761
세종특별자치시 세종 부강면,2645
세종특별자치시 세종 소정면,248130
세종특별자치시 세종 연기면,555
세종특별자치시 세종 연동면,54583
세종특별자치시 세종 연서면,6180
세종특별자치시 세종 장군면,60641
세종특별자치시 세종 전동면,132246
세종특별자치시 세종 전의면,383843
울산광역시 남구 남화동,375
울산광역시 남구 달동,152
울산광역시 남구 두왕동,126
울산광역시 남구 매암동,2200
울산광역시 남구 부곡동,3876
울산광역시 남구 성암동,4844532
울산광역시 남구 여천동,14643
울산광역시 남구 용연동,2805
울산광역시 남구 황성동,127415
울산광역시 동구 방어동,137995
울산광역시 북구 시례동,47457
울산광역시 북구 연암동,4961
울산광역시 북구 진장동,5267
울산광역시 북구 효문동,3300
울산광역시 울주군 두서면,135076
울산광역시 울주군 범서읍,60
울산광역시 울주군 삼남면,196477
울산광역시 울주군 삼동면,4179
울산광역시 울주군 상북면,8190
울산광역시 울주군 서생면,18992
울산광역시 울주군 언양읍,37855
울산광역시 울주군 온산읍,107714
울산광역시 울주군 온양읍,45792
울산광역시 울주군 웅촌면,12530
울산광역시 울주군 청량읍,469
울산광역시 중구 남외동,4489
울산광역시 중구 성남동,220
울산광역시 중구 학산동,9
인천광역시 강화군 강화읍,8623
인천광역시 강화군 교동면,264
인천광역시 강화군 길상면,329799
인천광역시 강화군 불은면,32988
인천광역시 강화군 삼산면,401
인천광역시 강화군 선원면,1136
인천광역시 강화군 양도면,12361
인천광역시 강화군 양사면,2218
인천광역시 강화군 하점면,15687
인천광역시 강화군 화도면,1185
인천광역시 계양구 계산동,1549
인천광역시 계양구 다남동,107
인천광역시 계양구 서운동,7866
인천광역시 계양구 선주지동,24459
인천광역시 계양구 이화동,756
인천광역시 계양구 작전동,503
인천광역시 계양구 하야동,5188
인천광역시 계양구 효성동,1757
인천광역시 남동구 간석동,104736
인천광역시 남동구 고잔동,2599432
인천광역시 남동구 구월동,1708
인천광역시 남동구 남촌동,225189
인천광역시 남동구 논현동,22952
인천광역시 남동구 만수동,196
인천광역시 남동구 운연동,1147
인천광역시 남동구 장수동,1349
인천광역시 동구 만석동,4760
인천광역시 동구 송림동,2950278
인천광역시 동구 송현동,134171
인천광역시 동구 화수동,75380
인천광역시 미추홀구 도화동,155013
인천광역시 미추홀구 문학동,103380
인천광역시 미추홀구 주안동,5140499
인천광역시 부평구 갈산동,24934
인천광역시 부평구 부개동,4380
인천광역시 부평구 부평동,1311
인천광역시 부평구 삼산동,4240
인천광역시 부평구 청천동,113622
인천광역시 서구 가좌동,229060
인천광역시 서구 경서동,761935
인천광역시 서구 공촌동,9657
인천광역시 서구 금곡동,10914
인천광역시 서구 대곡동,75344
인천광역시 서구 마전동,432
인천광역시 서구 백석동,978
인천광역시 서구 석남동,544795
인천광역시 서구 오류동,36947
인천광역시 서구 왕길동,4374
인천광역시 서구 원창동,211493
인천광역시 연수구 송도동,3599
인천광역시 옹진군 백령면,8060
인천광역시 중구 북성동1가,23577
인천광역시 중구 신흥동3가,4766
인천광역시 중구 운남동,2429
인천광역시 중구 운북동,65164
인천광역시 중구 운서동,27
인천광역시 중구 중산동,1700
인천광역시 중구 항동7가,207997
전라남도 강진군 강진읍,21842
전라남도 강진군 군동면,4182
전라남도 강진군 대구면,42152
전라남도 강진군 도암면,13202
전라남도 강진군 마량면,965
전라남도 강진군 성전면,231477
전라남도 강진군 신전면,47574
전라남도 강진군 옴천면,47684
전라남도 강진군 작천면,24784
전라남도 강진군 칠량면,4583
전라남도 고흥군 고흥읍,29847
전라남도 고흥군 과역면,785
전라남도 고흥군 금산면,71391
전라남도 고흥군 남양면,20591
전라남도 고흥군 대서면,146
전라남도 고흥군 도덕면,983
전라남도 고흥군 도양읍,731
전라남도 고흥군 동강면,2074
전라남도 고흥군 두원면,217013
전라남도 고흥군 봉래면,679
전라남도 고흥군 영남면,9305
전라남도 고흥군 점암면,472
전라남도 고흥군 포두면,28453
전라남도 고흥군 풍양면,9718
전라남도 곡성군 곡성읍,39778
전라남도 곡성군 오곡면,1834
전라남도 곡성군 입면,148201
전라남도 광양시 광양읍,67691
전라남도 광양시 금호동,427900
전라남도 광양시 봉강면,5851
전라남도 광양시 성황동,3499
전라남도 광양시 옥곡면,36329
전라남도 광양시 옥룡면,1260
전라남도 광양시 진상면,3608
전라남도 광양시 진월면,200
전라남도 광양시 태인동,173565
전라남도 구례군 간전면,2913
전라남도 구례군 광의면,92199
전라남도 구례군 구례읍,17120
전라남도 구례군 마산면,4456
전라남도 구례군 산동면,128
전라남도 구례군 용방면,60
전라남도 나주시 공산면,6214
전라남도 나주시 금천면,29542
전라남도 나주시 남평읍,2199
전라남도 나주시 노안면,147467
전라남도 나주시 동수동,110
전라남도 나주시 문평면,24879
전라남도 나주시 반남면,7166
전라남도 나주시 봉황면,4185
전라남도 나주시 산포면,3109
전라남도 나주시 세지면,5212
전라남도 나주시 왕곡면,118989
전라남도 나주시 운곡동,1940347
전라남도 담양군 고서면,10365
전라남도 담양군 금성면,7288
전라남도 담양군 담양읍,8305
전라남도 담양군 대전면,1712
전라남도 담양군 무정면,30560
전라남도 담양군 봉산면,76686
전라남도 담양군 수북면,201238
전라남도 담양군 용면,22787
전라남도 담양군 창평면,170
전라남도 목포시 금화동,8875
전라남도 목포시 달동,969
전라남도 목포시 대양동,14
전라남도 목포시 동명동,2092
전라남도 목포시 산정동,5153
전라남도 목포시 상동,85
전라남도 목포시 석현동,347
전라남도 목포시 연산동,886
전라남도 목포시 옥암동,74
전라남도 무안군 몽탄면,105165
전라남도 무안군 삼향읍,776
전라남도 무안군 운남면,9390
전라남도 무안군 일로읍,10508
전라남도 무안군 청계면,264
전라남도 무안군 해제면,5699
전라남도 무안군 현경면,867456
전라남도 보성군 득량면,9475
전라남도 보성군 벌교읍,822
전라남도 보성군 보성읍,300
전라남도 보성군 율어면,150
전라남도 보성군 조성면,1408
전라남도 보성군 회천면,49269
전라남도 순천시 교량동,5983
전라남도 순천시 낙안면,283
전라남도 순천시 남정동,5236
전라남도 순천시 대룡동,38786
전라남도 순천시 별량면,17875
전라남도 순천시 상사면,3193
전라남도 순천시 서면,22428
전라남도 순천시 석현동,8726
전라남도 순천시 승주읍,189674
전라남도 순천시 왕지동,224
전라남도 순천시 조곡동,8007
전라남도 순천시 조례동,346618
전라남도 순천시 주암면,3023
전라남도 순천시 풍덕동,5973
전라남도 순천시 해룡면,24820
전라남도 순천시 황전면,54356
전라남도 신안군 도초면,10095
전라남도 신안군 비금면,26691
전라남도 신안군 안좌면,1041
전라남도 신안군 압해읍,2341
전라남도 신안군 임자면,6077
전라남도 신안군 지도읍,3646
전라남도 신안군 흑산면,16039
전라남도 여수시 낙포동,12402
전라남도 여수시 돌산읍,7575
전라남도 여수시 만흥동,454657
전라남도 여수시 소라면,309547
전라남도 여수시 월하동,693
전라남도 여수시 율촌면,2920027
전라남도 여수시 종화동,2112
전라남도 여수시 중흥동,10261
전라남도 여수시 평여동,33660
전라남도 여수시 화양면,88338
전라남도 여수시 화정면,28
전라남도 여수시 화치동,123484
전라남도 영광군 군서면,96763
전라남도 영광군 대마면,274082
전라남도 영광군 묘량면,26043
전라남도 영광군 백수읍,107336
전라남도 영광군 법성면,40294
전라남도 영광군 염산면,116124
전라남도 영광군 영광읍,10799
전라남도 영광군 홍농읍,2112
전라남도 영암군 군서면,9543
전라남도 영암군 덕진면,1501
전라남도 영암군 도포면,2118
전라남도 영암군 미암면,14519
전라남도 영암군 삼호읍,407684
전라남도 영암군 시종면,531
전라남도 영암군 신북면,3513
전라남도 영암군 영암읍,9101
전라남도 영암군 학산면,7956
전라남도 완도군 고금면,10042
전라남도 완도군 군외면,9847
전라남도 완도군 금일읍,6790
전라남도 완도군 노화읍,51694
전라남도 완도군 소안면,19254
전라남도 완도군 신지면,1233395
전라남도 완도군 완도읍,98021
전라남도 완도군 청산면,449
전라남도 장성군 남면,4935
전라남도 장성군 동화면,2019
전라남도 장성군 북일면,41717
전라남도 장성군 삼계면,39161
전라남도 장성군 삼서면,55
전라남도 장성군 서삼면,142404
전라남도 장성군 장성읍,127
전라남도 장성군 진원면,2157
전라남도 장성군 황룡면,86542
전라남도 장흥군 관산읍,163578
전라남도 장흥군 대덕읍,42302
전라남도 장흥군 부산면,664
전라남도 장흥군 안양면,2882
전라남도 장흥군 용산면,87096
전라남도 장흥군 장평면,6102
전라남도 장흥군 장흥읍,16210
전라남도 장흥군 회진면,6139
전라남도 진도군 고군면,706
전라남도 진도군 군내면,468
전라남도 진도군 의신면,256
전라남도 진도군 지산면,6660
전라남도 진도군 진도읍,60
전라남도 함평군 대동면,483
전라남도 함평군 손불면,4082
전라남도 함평군 학교면,173999
전라남도 함평군 함평읍,3643
전라남도 해남군 계곡면,32926
전라남도 해남군 마산면,40797
전라남도 해남군 산이면,103850
전라남도 해남군 삼산면,271
전라남도 해남군 송지면,328392
전라남도 해남군 옥천면,2940
전라남도 해남군 해남읍,10445
전라남도 해남군 화산면,33875
전라남도 해남군 황산면,35936
전라남도 화순군 도곡면,281
전라남도 화순군 동면,7822
전라남도 화순군 춘양면,3622
전라남도 화순군 화순읍,266499
전라북도 고창군 고수면,10674
전라북도 고창군 고창읍,122248
전라북도 고창군 공음면,6154
전라북도 고창군 대산면,6229
전라북도 고창군 상하면,19013
전라북도 고창군 심원면,1116047
전라북도 고창군 아산면,41272
전라북도 고창군 흥덕면,5275
전라북도 군산시 개사동,6816
전라북도 군산시 구암동,680
전라북도 군산시 나운동,1607
전라북도 군산시 나포면,97227
전라북도 군산시 비응도동,50030
전라북도 군산시 사정동,24639
전라북도 군산시 산북동,2734
전라북도 군산시 서수면,16943
전라북도 군산시 성산면,6389
전라북도 군산시 소룡동,80419
전라북도 군산시 오식도동,3943
전라북도 군산시 옥구읍,137
전라북도 군산시 옥산면,2045
전라북도 군산시 임피면,1281
전라북도 군산시 조촌동,16596
전라북도 김제시 공덕면,801381
전라북도 김제시 광활면,5820
전라북도 김제시 금구면,9950
전라북도 김제시 금산면,82402
전라북도 김제시 만경읍,21903
전라북도 김제시 백구면,23638
전라북도 김제시 백산면,28993
전라북도 김제시 봉남면,4249
전라북도 김제시 부량면,2511
전라북도 김제시 상동동,1647
전라북도 김제시 순동,8591
전라북도 김제시 신덕동,50
전라북도 김제시 연정동,4627
전라북도 김제시 입석동,1999
전라북도 김제시 진봉면,195
전라북도 김제시 황산동,2151
전라북도 김제시 황산면,259038
전라북도 김제시 흥사동,8885
전라북도 남원시 금지면,365
전라북도 남원시 덕과면,9326
전라북도 남원시 보절면,4012
전라북도 남원시 송동면,38658
전라북도 남원시 수지면,35355
전라북도 남원시 신정동,9514
전라북도 남원시 아영면,1582
전라북도 남원시 용정동,1058
전라북도 남원시 운봉읍,8331
전라북도 남원시 이백면,174924
전라북도 남원시 인월면,13697
전라북도 남원시 주생면,1614
전라북도 남원시 주천면,5765
전라북도 무주군 무주읍,939
전라북도 무주군 무풍면,39192
전라북도 무주군 안성면,4950
전라북도 무주군 적상면,4986
전라북도 부안군 계화면,47559
전라북도 부안군 동진면,4186
전라북도 부안군 백산면,7623
전라북도 부안군 보안면,24370
전라북도 부안군 부안읍,2313
전라북도 부안군 상서면,448
전라북도 부안군 줄포면,124288
전라북도 부안군 행안면,7774
전라북도 순창군 구림면,572
전라북도 순창군 동계면,222251
전라북도 순창군 순창읍,31906
전라북도 순창군 인계면,229
전라북도 순창군 적성면,888
전라북도 순창군 풍산면,2821
전라북도 완주군 고산면,23422
전라북도 완주군 구이면,3505
전라북도 완주군 봉동읍,83343
전라북도 완주군 삼례읍,263
전라북도 완주군 소양면,22027
전라북도 완주군 용진읍,13507
전라북도 완주군 화산면,181792
전라북도 익산시 금강동,405
전라북도 익산시 금마면,444
전라북도 익산시 낭산면,2630
전라북도 익산시 망성면,6652
전라북도 익산시 부송동,431
전라북도 익산시 삼기면,9053
전라북도 익산시 성당면,3015
전라북도 익산시 신흥동,12925
전라북도 익산시 어양동,393
전라북도 익산시 여산면,321719
전라북도 익산시 영등동,1691
전라북도 익산시 오산면,112036
전라북도 익산시 왕궁면,114611
전라북도 익산시 용안면,496
전라북도 익산시 용제동,3282
전라북도 익산시 춘포면,131893
전라북도 익산시 팔봉동,2334
전라북도 익산시 함라면,65259
전라북도 익산시 함열읍,2930
전라북도 익산시 황등면,6975
전라북도 임실군 강진면,4274
전라북도 임실군 관촌면,309
전라북도 임실군 덕치면,264265
전라북도 임실군 신덕면,1320
전라북도 임실군 오수면,279943
전라북도 임실군 임실읍,10691
전라북도 장수군 번암면,1026161
전라북도 장수군 산서면,6244
전라북도 장수군 장계면,105
전라북도 장수군 장수읍,37631
전라북도 장수군 천천면,5852
전라북도 전주시덕진구 금상동,402932
전라북도 전주시덕진구 동산동,6968
전라북도 전주시덕진구 성덕동,11
전라북도 전주시덕진구 여의동,58935
전라북도 전주시덕진구 우아동3가,100
전라북도 전주시덕진구 원동,1896
전라북도 전주시덕진구 인후동1가,561
전라북도 전주시덕진구 인후동2가,1559
전라북도 전주시덕진구 팔복동1가,1413
전라북도 전주시덕진구 팔복동2가,19709
전라북도 전주시덕진구 팔복동3가,8417
전라북도 전주시덕진구 팔복동4가,3381
전라북도 전주시덕진구 호성동1가,29151
전라북도 전주시완산구 상림동,1818
전라북도 전주시완산구 색장동,6139
전라북도 전주시완산구 서신동,273
전라북도 전주시완산구 중노송동,66
전라북도 전주시완산구 중화산동2가,8467
전라북도 전주시완산구 평화동1가,100
전라북도 전주시완산구 평화동3가,3403
전라북도 정읍시 감곡면,77405
전라북도 정읍시 농소동,559
전라북도 정읍시 덕천면,182413
전라북도 정읍시 북면,53298
전라북도 정읍시 산외면,52138
전라북도 정읍시 소성면,1497
전라북도 정읍시 신태인읍,11846
전라북도 정읍시 영원면,1178
전라북도 정읍시 영파동,6557
전라북도 정읍시 옹동면,278179
전라북도 정읍시 입암면,8229
전라북도 정읍시 정우면,11472
전라북도 정읍시 칠보면,13590
전라북도 정읍시 태인면,49105
전라북도 정읍시 하북동,1705
전라북도 진안군 마령면,389848
전라북도 진안군 성수면,296674
전라북도 진안군 용담면,313
전라북도 진안군 주천면,423
전라북도 진안군 진안읍,14490
제주특별자치도 서귀포시 강정동,15569
제주특별자치도 서귀포시 남원읍,39221
제주특별자치도 서귀포시 대정읍,214814
제주특별자치도 서귀포시 보목동,9489
제주특별자치도 서귀포시 상예동,1586
제주특별자치도 서귀포시 상효동,1101
제주특별자치도 서귀포시 성산읍,3263
제주특별자치도 서귀포시 신효동,14391
제주특별자치도 서귀포시 안덕면,36064
제주특별자치도 서귀포시 토평동,11539
제주특별자치도 서귀포시 표선면,17074
제주특별자치도 서귀포시 하효동,397
제주특별자치도 서귀포시 회수동,1260
제주특별자치도 제주시 구좌읍,155861
제주특별자치도 제주시 도두이동,86912
제주특별자치도 제주시 도두일동,247
제주특별자치도 제주시 애월읍,18252
제주특별자치도 제주시 오등동,397
제주특별자치도 제주시 오라삼동,3784
제주특별자치도 제주시 외도일동,242379
제주특별자치도 제주시 용담일동,145
제주특별자치도 제주시 월평동,6715
제주특별자치도 제주시 이도일동,7194
제주특별자치도 제주시 조천읍,10471
제주특별자치도 제주시 한경면,6908
제주특별자치도 제주시 한림읍,35887
제주특별자치도 제주시 화북이동,1789
제주특별자치도 제주시 화북일동,377
충청남도 계룡시 금암동,32112
충청남도 계룡시 두마면,455
충청남도 공주시 계룡면,13214
충청남도 공주시 무릉동,431
충청남도 공주시 사곡면,178575
충청남도 공주시 신기동,178
충청남도 공주시 신풍면,69416
충청남도 공주시 우성면,6443
충청남도 공주시 월미동,117660
충청남도 공주시 유구읍,1249
충청남도 공주시 의당면,4622
충청남도 공주시 정안면,95386
충청남도 공주시 탄천면,64525
충청남도 금산군 군북면,236364
충청남도 금산군 금산읍,92933
충청남도 금산군 금성면,493
충청남도 금산군 복수면,1107
충청남도 금산군 추부면,253
충청남도 논산시 가야곡면,45478
충청남도 논산시 광석면,45956
충청남도 논산시 노성면,6086
충청남도 논산시 등화동,2467
충청남도 논산시 부적면,15459
충청남도 논산시 부창동,542
충청남도 논산시 상월면,5800
충청남도 논산시 성동면,81340
충청남도 논산시 양촌면,14326
충청남도 논산시 연무읍,441378
충청남도 논산시 연산면,5020
충청남도 논산시 은진면,102917
충청남도 논산시 지산동,1887
충청남도 논산시 채운면,12626
충청남도 당진시 고대면,7895
충청남도 당진시 대호지면,191
충청남도 당진시 면천면,85255
충청남도 당진시 석문면,50807
충청남도 당진시 송산면,628
충청남도 당진시 송악읍,272527
충청남도 당진시 순성면,15665
충청남도 당진시 신평면,257135
충청남도 당진시 용연동,1066
충청남도 당진시 우강면,119012
충청남도 당진시 정미면,35488
충청남도 당진시 합덕읍,66870
충청남도 보령시 남포면,4137
충청남도 보령시 동대동,211
충청남도 보령시 성주면,3455
충청남도 보령시 오천면,779
충청남도 보령시 웅천읍,5134
충청남도 보령시 주교면,361
충청남도 보령시 주산면,990
충청남도 보령시 주포면,1500
충청남도 보령시 천북면,336235
충청남도 보령시 청라면,13902
충청남도 보령시 청소면,339579
충청남도 부여군 구룡면,8273
충청남도 부여군 규암면,88310
충청남도 부여군 남면,5138
충청남도 부여군 내산면,62041
충청남도 부여군 부여읍,14603
충청남도 부여군 석성면,9776
충청남도 부여군 세도면,46761
충청남도 부여군 양화면,13044
충청남도 부여군 옥산면,81442
충청남도 부여군 외산면,74208
충청남도 부여군 은산면,227942
충청남도 부여군 장암면,6650
충청남도 부여군 충화면,19918
충청남도 부여군 홍산면,5897
충청남도 서산시 대산읍,27010
충청남도 서산시 동문동,6486
충청남도 서산시 부석면,2814
충청남도 서산시 성연면,58205
충청남도 서산시 수석동,21315
충청남도 서산시 예천동,2581
충청남도 서산시 운산면,16882
충청남도 서산시 음암면,1986
충청남도 서산시 인지면,243
충청남도 서산시 잠홍동,2722
충청남도 서산시 지곡면,57921
충청남도 서산시 팔봉면,6083
충청남도 서산시 해미면,86744
충청남도 서천군 마산면,43457
충청남도 서천군 마서면,14454
충청남도 서천군 문산면,3997
충청남도 서천군 비인면,3866
충청남도 서천군 서천읍,1036
충청남도 서천군 장항읍,462
충청남도 서천군 종천면,0
충청남도 서천군 한산면,92165
충청남도 아산시 도고면,49167
충청남도 아산시 둔포면,6831
충청남도 아산시 배방읍,138037
충청남도 아산시 선장면,125481
충청남도 아산시 신창면,223422
충청남도 아산시 실옥동,34336
충청남도 아산시 염치읍,2358
충청남도 아산시 영인면,25086
충청남도 아산시 음봉면,294757
충청남도 아산시 인주면,15418
충청남도 아산시 초사동,174676
충청남도 예산군 고덕면,46930
충청남도 예산군 광시면,18962
충청남도 예산군 대술면,91980
충청남도 예산군 덕산면,46320
충청남도 예산군 삽교읍,38524
충청남도 예산군 신양면,4088
충청남도 예산군 예산읍,12911
충청남도 예산군 오가면,17534
충청남도 예산군 응봉면,36045
충청남도 천안시동남구 광덕면,5596
충청남도 천안시동남구 구성동,283
충청남도 천안시동남구 동면,31760
충청남도 천안시동남구 목천읍,5742
충청남도 천안시동남구 병천면,9471
충청남도 천안시동남구 성남면,89336
충청남도 천안시동남구 수신면,109794
충청남도 천안시동남구 청당동,13158
충청남도 천안시동남구 청수동,396
충청남도 천안시동남구 풍세면,34002
충청남도 천안시서북구 백석동,1096
충청남도 천안시서북구 성거읍,15633
충청남도 천안시서북구 성환읍,3975
충청남도 천안시서북구 업성동,43450
충청남도 천안시서북구 입장면,18198
충청남도 천안시서북구 직산읍,369112
충청남도 청양군 남양면,508
충청남도 청양군 대치면,49538
충청남도 청양군 목면,14608
충청남도 청양군 비봉면,469
충청남도 청양군 장평면,737
충청남도 청양군 정산면,107951
충청남도 청양군 청남면,51213
충청남도 태안군 근흥면,1080
충청남도 태안군 소원면,22213
충청남도 태안군 안면읍,24432
충청남도 태안군 원북면,49946
충청남도 태안군 태안읍,6141
충청남도 홍성군 갈산면,374384
충청남도 홍성군 광천읍,143229
충청남도 홍성군 구항면,24863
충청남도 홍성군 서부면,269339
충청남도 홍성군 은하면,56067
충청남도 홍성군 장곡면,279395
충청남도 홍성군 홍동면,88270
충청남도 홍성군 홍북읍,6555
충청남도 홍성군 홍성읍,547
충청북도 괴산군 감물면,43257
충청북도 괴산군 괴산읍,3384
충청북도 괴산군 문광면,85129
충청북도 괴산군 불정면,21614
충청북도 괴산군 사리면,397091
충청북도 괴산군 청안면,368163
충청북도 괴산군 청천면,124259
충청북도 괴산군 칠성면,11357
충청북도 단양군 단성면,12352
충청북도 단양군 단양읍,3394
충청북도 단양군 매포읍,882994
충청북도 단양군 어상천면,3480
충청북도 단양군 영춘면,3789
충청북도 단양군 적성면,11651
충청북도 보은군 마로면,4065
충청북도 보은군 보은읍,3614
충청북도 보은군 산외면,86554
충청북도 보은군 삼승면,69244
충청북도 보은군 장안면,325
충청북도 보은군 탄부면,40234
충청북도 보은군 회남면,6717
충청북도 보은군 회인면,4712
충청북도 영동군 양강면,78
충청북도 영동군 영동읍,475
충청북도 영동군 용화면,8816
충청북도 영동군 추풍령면,6461
충청북도 영동군 학산면,6244
충청북도 옥천군 군북면,1626
충청북도 옥천군 옥천읍,26231
충청북도 옥천군 이원면,20463
충청북도 옥천군 청산면,646620
충청북도 옥천군 청성면,4665
충청북도 음성군 감곡면,225061
충청북도 음성군 금왕읍,189460
충청북도 음성군 대소면,356122
충청북도 음성군 맹동면,341995
충청북도 음성군 삼성면,662697
충청북도 음성군 생극면,23281
충청북도 음성군 소이면,402004
충청북도 음성군 원남면,178936
충청북도 음성군 음성읍,381824
충청북도 제천시 고명동,402
충청북도 제천시 고암동,633
충청북도 제천시 금성면,9663
충청북도 제천시 덕산면,45325
충청북도 제천시 봉양읍,6219
충청북도 제천시 송학면,2560
충청북도 제천시 수산면,44592
충청북도 제천시 영천동,118
충청북도 제천시 왕암동,825881
충청북도 증평군 도안면,2200
충청북도 증평군 증평읍,53144
충청북도 진천군 광혜원면,52560
충청북도 진천군 덕산면,67185
충청북도 진천군 덕산읍,632865
충청북도 진천군 문백면,1865
충청북도 진천군 이월면,2601158
충청북도 진천군 진천읍,18342
충청북도 진천군 초평면,1964771
충청북도 청주시상당구 가덕면,13886
충청북도 청주시상당구 남일면,11829
충청북도 청주시상당구 문의면,10217
충청북도 청주시상당구 미원면,1736
충청북도 청주시상당구 산성동,105
충청북도 청주시상당구 월오동,1560
충청북도 청주시상당구 지북동,32334
충청북도 청주시서원구 남이면,1865322
충청북도 청주시서원구 현도면,4899372
충청북도 청주시청원구 내수읍,7083
충청북도 청주시청원구 북이면,361029
충청북도 청주시청원구 오창읍,4406085
충청북도 청주시청원구 외남동,394
충청북도 청주시청원구 율량동,222
충청북도 청주시흥덕구 강내면,556952
충청북도 청주시흥덕구 복대동,23796
충청북도 청주시흥덕구 봉명동,9590
충청북도 청주시흥덕구 서촌동,203670
충청북도 청주시흥덕구 송절동,938
충청북도 청주시흥덕구 송정동,68939
충청북도 청주시흥덕구 신봉동,122245
충청북도 청주시흥덕구 옥산면,225412
충청북도 청주시흥덕구 지동동,82725
충청북도 청주시흥덕구 향정동,9430
충청북도 청주시흥덕구 휴암동,413
충청북도 충주시 금가면,2
충청북도 충주시 금릉동,9618
충청북도 충주시 노은면,59908
충청북도 충주시 대소원면,1384730
충청북도 충주시 동량면,220
충청북도 충주시 목행동,504601
충청북도 충주시 소태면,2394
충청북도 충주시 신니면,1097
충청북도 충주시 안림동,24563
충청북도 충주시 앙성면,4197
충청북도 충주시 엄정면,7425
충청북도 충주시 연수동,1145
충청북도 충주시 용두동,4455
충청북도 충주시 주덕읍,356514
충청북도 충주시 중앙탑면,30343
충청북도 충주시 직동,543886
